,duration@1,duration@2,duration@3,duration@4,duration@5,duration@6,duration@7,duration@8
0,0.11336431331967678,0.09047504120769234,0.0005315153040087339,0.0009230299167698078,-0.000969885536814494,-0.04144042546522834,0.036344460720424764,-0.0001978901588144876
