,duration@1,duration@2,duration@3,duration@4,duration@5,duration@6,duration@7,duration@8
0,0.16867531654221413,0.07788964529565517,-0.0015293527742952057,-0.0006084479245123192,-0.056801273945900906,-0.00031420787794204073,0.011138026308352448,-0.0019466196979124899
